desc,model,weighted,train_f1_micro,train_f1_macro,train_f1_weighted,train_accuracy,test_f1_micro,test_f1_macro,test_f1_weighted,test_accuracy,time,mode,hidden_size,input_size,layers,train_loss,test_loss
Facebook_ResNext101_32x16d_wsl,SVC,True,1.0,1.0,1.0,1.0,0.9012345679012346,0.8795194987136707,0.8972151132654229,0.9012345679012346,,,,,,,
"ORB(nfeatures=500, scoreType=ORB_HARRIS_SCORE)",LSTM,,0.8569767441860465,0.7615248073362899,0.8377969462257943,0.8569767441860465,0.786046511627907,0.6601382488479263,0.7562047654770836,0.786046511627907,1604414123.8116403,cells,128.0,32.0,1.0,0.6522796154022217,0.7841899991035461
"ORB(nfeatures=500, scoreType=ORB_HARRIS_SCORE)",LSTM,,0.8802325581395349,0.8148498998596903,0.8750249560676633,0.8802325581395349,0.7813953488372093,0.6929564749986218,0.7710261841054288,0.7813953488372093,1604414130.2410014,cells,128.0,32.0,1.0,0.7543423771858215,0.8590989708900452
"ORB(nfeatures=500, scoreType=ORB_HARRIS_SCORE)",LSTM,,0.8569767441860465,0.7491742836193016,0.8274514866727729,0.8569767441860465,0.7813953488372093,0.6473861283643891,0.7476407145264578,0.7813953488372093,1604414139.588671,cells,128.0,32.0,1.0,0.8664591312408447,0.9314119815826416
"ORB(nfeatures=500, scoreType=ORB_HARRIS_SCORE)",LSTM,,0.9255813953488373,0.8897395762578347,0.9228393992352407,0.9255813953488372,0.7953488372093023,0.7064864388663888,0.7844980942783033,0.7953488372093023,1604414152.06854,cells,256.0,32.0,1.0,0.4415026307106018,0.6551574468612671
"ORB(nfeatures=500, scoreType=ORB_HARRIS_SCORE)",LSTM,,0.7802325581395348,0.5980734555265841,0.7556511655899136,0.7802325581395348,0.7162790697674419,0.5510459045651609,0.696526650054554,0.7162790697674418,1604414164.8764489,cells,256.0,32.0,1.0,0.665475606918335,0.8176242709159851
"ORB(nfeatures=500, scoreType=ORB_HARRIS_SCORE)",LSTM,,0.9186046511627907,0.8776019823956891,0.9158227345860042,0.9186046511627907,0.7813953488372093,0.6900510505286017,0.7711662959882075,0.7813953488372093,1604414184.135357,cells,256.0,32.0,1.0,0.6430667638778687,0.7884264588356018
"ORB(nfeatures=500, scoreType=ORB_HARRIS_SCORE)",LSTM,,0.8197674418604651,0.6992111444507881,0.7988504250627108,0.8197674418604651,0.772093023255814,0.6283773045136681,0.7436429673216142,0.772093023255814,1604414209.8561368,cells,128.0,32.0,1.0,0.9294013381004333,0.9937353134155273
"ORB(nfeatures=500, scoreType=ORB_HARRIS_SCORE)",LSTM,,0.7965116279069767,0.6263088391177517,0.7458649784790212,0.7965116279069767,0.7534883720930233,0.5563725490196078,0.6953853169174646,0.7534883720930232,1604414216.1751184,cells,128.0,32.0,1.0,1.0604749917984009,1.0962313413619995
"ORB(nfeatures=500, scoreType=ORB_HARRIS_SCORE)",LSTM,,0.7244186046511628,0.40468487641413375,0.6325352549024419,0.7244186046511628,0.6976744186046512,0.3736854725447881,0.6022227373717337,0.6976744186046512,1604414225.5371785,cells,128.0,32.0,1.0,1.1515557765960693,1.1705747842788696
"ORB(nfeatures=500, scoreType=ORB_HARRIS_SCORE)",LSTM,,0.8255813953488372,0.7311028319787907,0.8102896977494258,0.8255813953488372,0.7581395348837209,0.6656779981403713,0.7487959144247638,0.7581395348837209,1604414238.0922754,cells,256.0,32.0,1.0,0.6973450183868408,0.8179269433021545
"ORB(nfeatures=500, scoreType=ORB_HARRIS_SCORE)",LSTM,,0.7593023255813953,0.5544514817439508,0.7041110336846482,0.7593023255813953,0.7069767441860465,0.4506654898342182,0.6267125432280146,0.7069767441860465,1604414250.871642,cells,256.0,32.0,1.0,0.8836066722869873,0.9407482147216797
"ORB(nfeatures=500, scoreType=ORB_HARRIS_SCORE)",LSTM,,0.786046511627907,0.5988160195705825,0.7273340297629675,0.786046511627907,0.7348837209302326,0.5576825324724484,0.6810161399569256,0.7348837209302326,1604414269.8507383,cells,256.0,32.0,1.0,0.9816485047340393,1.0225410461425781
"ORB(nfeatures=500, scoreType=ORB_HARRIS_SCORE)",LSTM,,0.8790697674418605,0.8189977677849204,0.8755431996132412,0.8790697674418605,0.786046511627907,0.6866012258050626,0.7717352345184194,0.786046511627907,1604414295.5069053,hidden,128.0,32.0,1.0,0.6546115875244141,0.7991525530815125
"ORB(nfeatures=500, scoreType=ORB_HARRIS_SCORE)",LSTM,,0.9,0.8373363626901777,0.8916067400748965,0.9,0.786046511627907,0.662935035075235,0.7644786149508146,0.786046511627907,1604414301.7374604,hidden,128.0,32.0,1.0,0.7682056427001953,0.8846914172172546
"ORB(nfeatures=500, scoreType=ORB_HARRIS_SCORE)",LSTM,,0.8558139534883721,0.7487098250393135,0.8283018680700946,0.8558139534883721,0.7953488372093023,0.6844268319274049,0.7700889622542455,0.7953488372093023,1604414311.1535318,hidden,128.0,32.0,1.0,0.8587424159049988,0.9242814779281616
"ORB(nfeatures=500, scoreType=ORB_HARRIS_SCORE)",LSTM,,0.9290697674418604,0.897543608186525,0.9264322353912778,0.9290697674418604,0.8093023255813954,0.7246473656515497,0.8007850050547335,0.8093023255813954,1604414323.641065,hidden,256.0,32.0,1.0,0.412847638130188,0.6632018089294434
"ORB(nfeatures=500, scoreType=ORB_HARRIS_SCORE)",LSTM,,0.9465116279069767,0.9173125196409291,0.9458392355807602,0.9465116279069767,0.772093023255814,0.6820644043588796,0.7648932041490782,0.772093023255814,1604414336.441167,hidden,256.0,32.0,1.0,0.5295612215995789,0.7262832522392273
"ORB(nfeatures=500, scoreType=ORB_HARRIS_SCORE)",LSTM,,0.9081395348837209,0.8603204593175335,0.8996141636324032,0.9081395348837209,0.7953488372093023,0.6980210265924551,0.77592555838403,0.7953488372093023,1604414355.604303,hidden,256.0,32.0,1.0,0.6280734539031982,0.7676224112510681
"ORB(nfeatures=500, scoreType=ORB_HARRIS_SCORE)",LSTM,,0.8313953488372093,0.7181008521731749,0.8104909671167748,0.8313953488372093,0.7627906976744185,0.612324297188755,0.7316265060240964,0.7627906976744186,1604414381.1211433,hidden,128.0,32.0,1.0,0.9218303561210632,0.9896286129951477
"ORB(nfeatures=500, scoreType=ORB_HARRIS_SCORE)",LSTM,,0.7953488372093023,0.6145171245977697,0.7466910306463944,0.7953488372093023,0.7627906976744185,0.5760496386054422,0.7156382000474608,0.7627906976744186,1604414387.4502068,hidden,128.0,32.0,1.0,1.0620142221450806,1.0951834917068481
"ORB(nfeatures=500, scoreType=ORB_HARRIS_SCORE)",LSTM,,0.7337209302325581,0.4749079121841644,0.6541293705673634,0.7337209302325581,0.7069767441860465,0.4335594663638944,0.6216765573738028,0.7069767441860465,1604414396.8267088,hidden,128.0,32.0,1.0,1.1550626754760742,1.1735706329345703
"ORB(nfeatures=500, scoreType=ORB_HARRIS_SCORE)",LSTM,,0.8372093023255814,0.7409381529147232,0.8175185885179701,0.8372093023255814,0.7534883720930233,0.60281105166889,0.7217086182620703,0.7534883720930232,1604414409.3787322,hidden,256.0,32.0,1.0,0.7348408102989197,0.8719103932380676
"ORB(nfeatures=500, scoreType=ORB_HARRIS_SCORE)",LSTM,,0.805813953488372,0.6503511459674698,0.7674075959821841,0.8058139534883721,0.7348837209302326,0.55066848897891,0.6993355251286425,0.7348837209302326,1604414422.2167299,hidden,256.0,32.0,1.0,0.8841173052787781,0.943491518497467
"ORB(nfeatures=500, scoreType=ORB_HARRIS_SCORE)",LSTM,,0.7837209302325583,0.5797292391480681,0.7230435337471943,0.7837209302325582,0.730232558139535,0.5068538713195202,0.6647023915193631,0.7302325581395349,1604414441.588911,hidden,256.0,32.0,1.0,0.9752818942070007,1.0142143964767456
"ORB(nfeatures=500, scoreType=ORB_FAST_SCORE)",LSTM,,0.8872093023255814,0.8193540699032456,0.8796717723095907,0.8872093023255814,0.763888888888889,0.6298158983873269,0.7449237534951821,0.7638888888888888,1604414467.5403314,cells,128.0,32.0,1.0,0.658010721206665,0.7880352139472961
"ORB(nfeatures=500, scoreType=ORB_FAST_SCORE)",LSTM,,0.8430232558139534,0.7484523271315913,0.8288165408977437,0.8430232558139535,0.7407407407407407,0.5934065934065934,0.7168294668294668,0.7407407407407407,1604414473.833327,cells,128.0,32.0,1.0,0.7634478807449341,0.8573148250579834
"ORB(nfeatures=500, scoreType=ORB_FAST_SCORE)",LSTM,,0.8732558139534884,0.7859917438358499,0.8596792740450068,0.8732558139534884,0.7962962962962963,0.6272020177399742,0.7639914755482339,0.7962962962962963,1604414483.1804457,cells,128.0,32.0,1.0,0.8831683993339539,0.9339045882225037
"ORB(nfeatures=500, scoreType=ORB_FAST_SCORE)",LSTM,,0.9046511627906977,0.8726861450918055,0.903852670049467,0.9046511627906977,0.6944444444444444,0.6070130435688408,0.6979545382453854,0.6944444444444444,1604414495.6609273,cells,256.0,32.0,1.0,0.4544553756713867,0.7160770297050476
"ORB(nfeatures=500, scoreType=ORB_FAST_SCORE)",LSTM,,0.8941860465116279,0.8482996158621979,0.8909830775128943,0.8941860465116279,0.7083333333333334,0.5533932441827178,0.6914838329312013,0.7083333333333334,1604414508.6877573,cells,256.0,32.0,1.0,0.5357900857925415,0.7450730204582214
"ORB(nfeatures=500, scoreType=ORB_FAST_SCORE)",LSTM,,0.8976744186046511,0.8589110731879122,0.8891775512426605,0.8976744186046511,0.7870370370370371,0.660327671574491,0.7600830885328104,0.7870370370370371,1604414528.1533082,cells,256.0,32.0,1.0,0.6584208607673645,0.7985766530036926
"ORB(nfeatures=500, scoreType=ORB_FAST_SCORE)",LSTM,,0.8360465116279069,0.7255856344655964,0.8119152409593312,0.836046511627907,0.763888888888889,0.5786568986568986,0.720578392800615,0.7638888888888888,1604414554.0491962,cells,128.0,32.0,1.0,0.9295513033866882,0.998753011226654
"ORB(nfeatures=500, scoreType=ORB_FAST_SCORE)",LSTM,,0.8220930232558139,0.6904803437916022,0.796644030371121,0.8220930232558139,0.7685185185185186,0.5775284010178512,0.728720293837781,0.7685185185185185,1604414560.3203702,cells,128.0,32.0,1.0,1.0698556900024414,1.1005276441574097
"ORB(nfeatures=500, scoreType=ORB_FAST_SCORE)",LSTM,,0.7441860465116278,0.5136813088977635,0.6916860770688673,0.7441860465116279,0.7314814814814816,0.4408486922531866,0.6494096282251713,0.7314814814814815,1604414569.7054918,cells,128.0,32.0,1.0,1.1454846858978271,1.1583143472671509
"ORB(nfeatures=500, scoreType=ORB_FAST_SCORE)",LSTM,,0.7406976744186047,0.6915431708286909,0.7492649553045929,0.7406976744186047,0.6157407407407407,0.46377611552156006,0.6124165667319512,0.6157407407407407,1604414582.2655833,cells,256.0,32.0,1.0,0.7338263988494873,0.8403985500335693
"ORB(nfeatures=500, scoreType=ORB_FAST_SCORE)",LSTM,,0.8348837209302326,0.7423979957742015,0.8191588198736931,0.8348837209302326,0.7222222222222222,0.5703462306799615,0.698961540242155,0.7222222222222222,1604414595.2367349,cells,256.0,32.0,1.0,0.8706555962562561,0.9372681975364685
"ORB(nfeatures=500, scoreType=ORB_FAST_SCORE)",LSTM,,0.7767441860465116,0.6011091050214847,0.7284509371674537,0.7767441860465116,0.7453703703703705,0.4856774491624367,0.6713619164626551,0.7453703703703703,1604414614.577513,cells,256.0,32.0,1.0,0.9965659976005554,1.0187538862228394
"ORB(nfeatures=500, scoreType=ORB_FAST_SCORE)",LSTM,,0.8906976744186047,0.8304012093964703,0.88595420224808,0.8906976744186047,0.7592592592592593,0.643288084464555,0.7470652078495216,0.7592592592592593,1604414640.3990254,hidden,128.0,32.0,1.0,0.6655016541481018,0.802014946937561
"ORB(nfeatures=500, scoreType=ORB_FAST_SCORE)",LSTM,,0.9,0.8316506832535605,0.8872499387810935,0.9,0.7824074074074074,0.6456456762630463,0.7596235977331198,0.7824074074074074,1604414646.6857877,hidden,128.0,32.0,1.0,0.7530491948127747,0.851467490196228
"ORB(nfeatures=500, scoreType=ORB_FAST_SCORE)",LSTM,,0.8488372093023255,0.745022315350178,0.8243399265649267,0.8488372093023255,0.7731481481481481,0.5705551359450128,0.7174421408575535,0.7731481481481481,1604414656.119431,hidden,128.0,32.0,1.0,0.8790007829666138,0.9315219521522522
"ORB(nfeatures=500, scoreType=ORB_FAST_SCORE)",LSTM,,0.936046511627907,0.9110620703520195,0.9348985191526097,0.936046511627907,0.7546296296296298,0.6630426864801865,0.7566992710221877,0.7546296296296297,1604414668.6293328,hidden,256.0,32.0,1.0,0.43944308161735535,0.7349956631660461
"ORB(nfeatures=500, scoreType=ORB_FAST_SCORE)",LSTM,,0.9127906976744186,0.8700848953576172,0.9072048165610266,0.9127906976744186,0.7453703703703705,0.5923947965840631,0.7261858386184143,0.7453703703703703,1604414681.5633934,hidden,256.0,32.0,1.0,0.5586212873458862,0.7832054495811462
"ORB(nfeatures=500, scoreType=ORB_FAST_SCORE)",LSTM,,0.9313953488372094,0.8945172556427743,0.9284206189886253,0.9313953488372093,0.7546296296296298,0.5965205845843681,0.7274496668314938,0.7546296296296297,1604414700.9556165,hidden,256.0,32.0,1.0,0.648026704788208,0.7942414283752441
"ORB(nfeatures=500, scoreType=ORB_FAST_SCORE)",LSTM,,0.8511627906976744,0.7518199325694045,0.8299677995086122,0.8511627906976744,0.7916666666666666,0.6338097827591183,0.7546695775196018,0.7916666666666666,1604414726.7471745,hidden,128.0,32.0,1.0,0.9243127703666687,0.9781976342201233
"ORB(nfeatures=500, scoreType=ORB_FAST_SCORE)",LSTM,,0.8127906976744185,0.663160929847128,0.776903330547115,0.8127906976744186,0.763888888888889,0.5336666586330417,0.702998671646494,0.7638888888888888,1604414733.076308,hidden,128.0,32.0,1.0,1.0677090883255005,1.0907639265060425
"ORB(nfeatures=500, scoreType=ORB_FAST_SCORE)",LSTM,,0.727906976744186,0.4539669939050745,0.6564391874608593,0.727906976744186,0.7361111111111113,0.4327180034958244,0.6451238284312667,0.7361111111111112,1604414742.4457707,hidden,128.0,32.0,1.0,1.1475727558135986,1.1594315767288208
"ORB(nfeatures=500, scoreType=ORB_FAST_SCORE)",LSTM,,0.8569767441860465,0.7807071552720832,0.8510480571244603,0.8569767441860465,0.7037037037037037,0.5613895331160245,0.6934897836313408,0.7037037037037037,1604414754.9267006,hidden,256.0,32.0,1.0,0.725502610206604,0.8305980563163757
"ORB(nfeatures=500, scoreType=ORB_FAST_SCORE)",LSTM,,0.8441860465116279,0.7454103945447861,0.8235466702672911,0.8441860465116279,0.7592592592592593,0.5314741605144081,0.6986778157056796,0.7592592592592593,1604414767.8169217,hidden,256.0,32.0,1.0,0.8944054245948792,0.9349178671836853
"ORB(nfeatures=500, scoreType=ORB_FAST_SCORE)",LSTM,,0.7779069767441861,0.5943943173950031,0.7178249754120497,0.7779069767441861,0.75,0.5162788375112353,0.6768538862441789,0.75,1604414787.2699964,hidden,256.0,32.0,1.0,0.9854390025138855,1.0092456340789795
"ORB(nfeatures=250, scoreType=ORB_HARRIS_SCORE)",LSTM,,0.8923976608187134,0.828977504128605,0.8828587039349721,0.8923976608187134,0.7850467289719625,0.6639057750759879,0.7588737702279161,0.7850467289719626,1604414813.4170911,cells,128.0,32.0,1.0,0.6390965580940247,0.7783721685409546
"ORB(nfeatures=250, scoreType=ORB_HARRIS_SCORE)",LSTM,,0.904093567251462,0.838540159206132,0.8934314018218733,0.904093567251462,0.7990654205607477,0.670460729746444,0.7746441720273496,0.7990654205607477,1604414819.160161,cells,128.0,32.0,1.0,0.7625460624694824,0.8599060773849487
"ORB(nfeatures=250, scoreType=ORB_HARRIS_SCORE)",LSTM,,0.8853801169590644,0.8035928138193081,0.8680747237116139,0.8853801169590644,0.8037383177570093,0.6721300587735579,0.7695910117204202,0.8037383177570093,1604414827.6232555,cells,128.0,32.0,1.0,0.8739569783210754,0.9262769222259521
"ORB(nfeatures=250, scoreType=ORB_HARRIS_SCORE)",LSTM,,0.9508771929824561,0.9289299418293333,0.9504461366873206,0.9508771929824561,0.766355140186916,0.6684467102128913,0.7590716862606489,0.7663551401869159,1604414838.9729242,cells,256.0,32.0,1.0,0.39366161823272705,0.6537984609603882
"ORB(nfeatures=250, scoreType=ORB_HARRIS_SCORE)",LSTM,,0.9403508771929825,0.9115782662232967,0.9382177902600664,0.9403508771929825,0.8177570093457944,0.7059378872655041,0.7977092742798485,0.8177570093457944,1604414848.6142178,cells,256.0,32.0,1.0,0.5170828700065613,0.68278568983078
"ORB(nfeatures=250, scoreType=ORB_HARRIS_SCORE)",LSTM,,0.9461988304093567,0.9232533023364752,0.9447833533365013,0.9461988304093567,0.8037383177570093,0.7032870353340084,0.7849660079266034,0.8037383177570093,1604414862.9952955,cells,256.0,32.0,1.0,0.5930340886116028,0.7391688227653503
"ORB(nfeatures=250, scoreType=ORB_HARRIS_SCORE)",LSTM,,0.8350877192982457,0.718744439699655,0.8092826918606671,0.8350877192982457,0.7757009345794392,0.6327817806297003,0.7384745786936753,0.7757009345794392,1604414882.1710753,cells,128.0,32.0,1.0,0.9233165979385376,0.9781749844551086
"ORB(nfeatures=250, scoreType=ORB_HARRIS_SCORE)",LSTM,,0.8011695906432749,0.6110319873849737,0.742096104341487,0.8011695906432749,0.7850467289719625,0.6043326376027673,0.7322588934596289,0.7850467289719626,1604414887.8557756,cells,128.0,32.0,1.0,1.0701477527618408,1.0889244079589844
"ORB(nfeatures=250, scoreType=ORB_HARRIS_SCORE)",LSTM,,0.7391812865497077,0.5464677541680572,0.7035231255089168,0.7391812865497076,0.7383177570093457,0.5355083801575369,0.6910117903661473,0.7383177570093458,1604414896.3076382,cells,128.0,32.0,1.0,1.154675006866455,1.1664750576019287
"ORB(nfeatures=250, scoreType=ORB_HARRIS_SCORE)",LSTM,,0.9087719298245615,0.8583872422568666,0.9037744226071769,0.9087719298245615,0.7803738317757009,0.6625070384599477,0.7635830000537833,0.780373831775701,1604414907.5054252,cells,256.0,32.0,1.0,0.674899160861969,0.7965871691703796
"ORB(nfeatures=250, scoreType=ORB_HARRIS_SCORE)",LSTM,,0.8748538011695906,0.7754428047285509,0.848794916067418,0.8748538011695907,0.8271028037383178,0.7149570165554819,0.7911879397860706,0.8271028037383178,1604414917.1122782,cells,256.0,32.0,1.0,0.8532354831695557,0.9095125198364258
"ORB(nfeatures=250, scoreType=ORB_HARRIS_SCORE)",LSTM,,0.816374269005848,0.6821403454329086,0.7809330471401695,0.816374269005848,0.7803738317757009,0.6328171558899323,0.7386489101832832,0.780373831775701,1604414931.4773698,cells,256.0,32.0,1.0,0.9749431610107422,0.9980366826057434
"ORB(nfeatures=250, scoreType=ORB_HARRIS_SCORE)",LSTM,,0.8853801169590644,0.8129052854099936,0.8729666060695456,0.8853801169590644,0.7850467289719625,0.6557169183600249,0.7589603363864127,0.7850467289719626,1604414950.6597714,hidden,128.0,32.0,1.0,0.6616904735565186,0.7824409008026123
"ORB(nfeatures=250, scoreType=ORB_HARRIS_SCORE)",LSTM,,0.9087719298245615,0.8524991454423656,0.8987171390568308,0.9087719298245615,0.808411214953271,0.684070790573565,0.7785494707076829,0.8084112149532711,1604414956.3237708,hidden,128.0,32.0,1.0,0.757142961025238,0.8427152037620544
"ORB(nfeatures=250, scoreType=ORB_HARRIS_SCORE)",LSTM,,0.8573099415204678,0.7202666450618397,0.8171223727330958,0.8573099415204678,0.7990654205607477,0.6339730218328467,0.7506506705552242,0.7990654205607477,1604414964.7711236,hidden,128.0,32.0,1.0,0.8742946982383728,0.9225023984909058
"ORB(nfeatures=250, scoreType=ORB_HARRIS_SCORE)",LSTM,,0.9672514619883041,0.9495307952124095,0.9664702098786548,0.9672514619883041,0.7897196261682243,0.6932692212294962,0.7781385311104082,0.7897196261682243,1604414976.0528607,hidden,256.0,32.0,1.0,0.38801372051239014,0.6322780251502991
"ORB(nfeatures=250, scoreType=ORB_HARRIS_SCORE)",LSTM,,0.9614035087719298,0.9406563690960291,0.9611433968804215,0.9614035087719298,0.7897196261682243,0.7065985440459494,0.7845141191840016,0.7897196261682243,1604414985.6681657,hidden,256.0,32.0,1.0,0.47451287508010864,0.6642118096351624
"ORB(nfeatures=250, scoreType=ORB_HARRIS_SCORE)",LSTM,,0.952046783625731,0.9302952200995003,0.9508010942413352,0.952046783625731,0.7990654205607477,0.6920868347338935,0.7826278174821332,0.7990654205607477,1604415000.052865,hidden,256.0,32.0,1.0,0.5813929438591003,0.7283344864845276
"ORB(nfeatures=250, scoreType=ORB_HARRIS_SCORE)",LSTM,,0.8538011695906432,0.7618414033319892,0.8389191646533808,0.8538011695906432,0.7710280373831775,0.641758902292418,0.7405280801933702,0.7710280373831776,1604415019.2653353,hidden,128.0,32.0,1.0,0.9279568195343018,0.9844953417778015
"ORB(nfeatures=250, scoreType=ORB_HARRIS_SCORE)",LSTM,,0.8269005847953217,0.6934130248524066,0.7963421418511251,0.8269005847953217,0.794392523364486,0.6534402534402535,0.7563461376545488,0.794392523364486,1604415024.9827363,hidden,128.0,32.0,1.0,1.0718042850494385,1.0932835340499878
"ORB(nfeatures=250, scoreType=ORB_HARRIS_SCORE)",LSTM,,0.7286549707602339,0.4019363910592266,0.6357686876655808,0.7286549707602339,0.7102803738317757,0.3791577825159914,0.6113175776657434,0.7102803738317757,1604415033.4429913,hidden,128.0,32.0,1.0,1.1581610441207886,1.1676450967788696
"ORB(nfeatures=250, scoreType=ORB_HARRIS_SCORE)",LSTM,,0.8467836257309942,0.7814963477256933,0.8365737340019395,0.8467836257309942,0.766355140186916,0.6647313129187273,0.7475319320378577,0.7663551401869159,1604415044.7507648,hidden,256.0,32.0,1.0,0.7029277086257935,0.8171650767326355
"ORB(nfeatures=250, scoreType=ORB_HARRIS_SCORE)",LSTM,,0.8795321637426899,0.8059070568417215,0.8640551728546473,0.87953216374269,0.8037383177570093,0.6807221402249469,0.7714528754932265,0.8037383177570093,1604415054.367699,hidden,256.0,32.0,1.0,0.8543167114257812,0.915373682975769
"ORB(nfeatures=250, scoreType=ORB_HARRIS_SCORE)",LSTM,,0.816374269005848,0.6609915809211753,0.7759370841533886,0.816374269005848,0.7850467289719625,0.6105965463108319,0.7328584632990507,0.7850467289719626,1604415068.7699332,hidden,256.0,32.0,1.0,0.9795713424682617,1.0069586038589478
BRISK(thresh=10),LSTM,,0.912863070539419,0.892944679389744,0.907937770903612,0.9128630705394191,0.7136929460580913,0.6163406832222303,0.7005871420461448,0.7136929460580913,1604415088.32655,cells,128.0,64.0,1.0,0.6400320529937744,0.853983998298645
BRISK(thresh=10),LSTM,,0.9273858921161826,0.9055377030271494,0.9248079982615833,0.9273858921161826,0.6804979253112033,0.5566959537020665,0.6485763942349969,0.6804979253112033,1604415095.30225,cells,128.0,64.0,1.0,0.7326582074165344,0.9067887663841248
BRISK(thresh=10),LSTM,,0.9356846473029046,0.9167654906554581,0.9353813141076595,0.9356846473029046,0.6887966804979253,0.5770360343127878,0.6749842833081682,0.6887966804979253,1604415105.776322,cells,128.0,64.0,1.0,0.8748890161514282,0.9864678978919983
BRISK(thresh=10),LSTM,,0.9844398340248963,0.9772047103104604,0.9843028295294862,0.9844398340248963,0.6970954356846473,0.6150711595215905,0.6895440744077889,0.6970954356846473,1604415119.7059708,cells,256.0,64.0,1.0,0.34500786662101746,0.7770631313323975
BRISK(thresh=10),LSTM,,0.975103734439834,0.9655501762642063,0.9751579940073689,0.975103734439834,0.6514522821576764,0.6063339413773986,0.6740431153257157,0.6514522821576764,1604415134.5416057,cells,256.0,64.0,1.0,0.45427533984184265,0.8382442593574524
BRISK(thresh=10),LSTM,,0.9429460580912863,0.933236215858587,0.9416179101883019,0.9429460580912863,0.7219917012448133,0.6352673634475293,0.7040118318140639,0.7219917012448133,1604415156.7792645,cells,256.0,64.0,1.0,0.5831812024116516,0.8680545091629028
BRISK(thresh=10),LSTM,,0.8381742738589212,0.7917535688087762,0.8200422822428328,0.8381742738589212,0.6887966804979253,0.5691255961219663,0.6590171268387414,0.6887966804979253,1604415186.3725917,cells,128.0,64.0,1.0,0.91995769739151,1.0053725242614746
BRISK(thresh=10),LSTM,,0.7883817427385892,0.667538393616283,0.7347685367689669,0.7883817427385892,0.6887966804979253,0.505430437148558,0.6272872102378911,0.6887966804979253,1604415193.3778608,cells,128.0,64.0,1.0,1.0855469703674316,1.1216723918914795
BRISK(thresh=10),LSTM,,0.7064315352697096,0.5498384243514365,0.6343914223031482,0.7064315352697096,0.6390041493775933,0.4094000384322965,0.5513758786413049,0.6390041493775933,1604415203.8739438,cells,128.0,64.0,1.0,1.1741904020309448,1.1931109428405762
BRISK(thresh=10),LSTM,,0.9076763485477178,0.8836049287287677,0.904135928835645,0.9076763485477178,0.6970954356846473,0.5912338472284588,0.6825779346189924,0.6970954356846473,1604415217.8046107,cells,256.0,64.0,1.0,0.677299976348877,0.8408447504043579
BRISK(thresh=10),LSTM,,0.9014522821576764,0.8768215448742536,0.8950783207065695,0.9014522821576764,0.7385892116182573,0.6290347938830968,0.7212399076926909,0.7385892116182573,1604415232.651425,cells,256.0,64.0,1.0,0.8605538010597229,0.9627722501754761
BRISK(thresh=10),LSTM,,0.7904564315352697,0.7285132738797784,0.7607756174862836,0.7904564315352697,0.6597510373443983,0.5024072785036053,0.6101575027542542,0.6597510373443983,1604415254.8896868,cells,256.0,64.0,1.0,1.0079704523086548,1.0477607250213623
BRISK(thresh=10),LSTM,,0.9118257261410788,0.8883765563007222,0.9057502696826372,0.9118257261410788,0.7219917012448133,0.6134521778043301,0.7056580803200402,0.7219917012448133,1604415284.4228952,hidden,128.0,64.0,1.0,0.6251627802848816,0.8470207452774048
BRISK(thresh=10),LSTM,,0.9491701244813278,0.9346895146605882,0.9474273239575631,0.9491701244813278,0.7178423236514523,0.6062574795470322,0.6979355005550865,0.7178423236514523,1604415291.4390278,hidden,128.0,64.0,1.0,0.7321535348892212,0.9092420935630798
BRISK(thresh=10),LSTM,,0.9450207468879668,0.9336295110878843,0.9428685662754916,0.9450207468879668,0.7261410788381742,0.6305277860113353,0.7076658626415994,0.7261410788381742,1604415301.8980155,hidden,128.0,64.0,1.0,0.8518645167350769,0.9897552728652954
BRISK(thresh=10),LSTM,,0.983402489626556,0.9819580225651645,0.9832340638527192,0.983402489626556,0.7095435684647303,0.633453893613467,0.7046252831126921,0.7095435684647303,1604415315.773869,hidden,256.0,64.0,1.0,0.3421962261199951,0.7586808204650879
BRISK(thresh=10),LSTM,,0.9564315352697096,0.9511192933634238,0.9552232056921908,0.9564315352697096,0.7302904564315352,0.6450241837522258,0.7216202605702278,0.7302904564315352,1604415330.5707498,hidden,256.0,64.0,1.0,0.4925490915775299,0.8185323476791382
BRISK(thresh=10),LSTM,,0.9865145228215768,0.980582106425907,0.9864299988164658,0.9865145228215768,0.7344398340248963,0.6555368657134847,0.7257734860937106,0.7344398340248963,1604415352.7537646,hidden,256.0,64.0,1.0,0.5742567777633667,0.8738502264022827
BRISK(thresh=10),LSTM,,0.8578838174273858,0.8133915191148157,0.8436878709998371,0.8578838174273858,0.7261410788381742,0.5983955088989209,0.6934447426893875,0.7261410788381742,1604415382.323272,hidden,128.0,64.0,1.0,0.9203358888626099,1.0065991878509521
BRISK(thresh=10),LSTM,,0.8350622406639004,0.7850905105094326,0.8185890235042357,0.8350622406639004,0.7053941908713693,0.5628733878733879,0.6692839402382972,0.7053941908713693,1604415389.318087,hidden,128.0,64.0,1.0,1.0832321643829346,1.11870539188385
BRISK(thresh=10),LSTM,,0.7240663900414938,0.5664364898413435,0.6518925065971709,0.7240663900414938,0.6514522821576764,0.43746538641349303,0.5729138324076433,0.6514522821576764,1604415399.7949147,hidden,128.0,64.0,1.0,1.1820547580718994,1.1978384256362915
BRISK(thresh=10),LSTM,,0.9273858921161826,0.9092459443098501,0.9265426109536099,0.9273858921161826,0.6556016597510373,0.5478404563318466,0.6463123329672619,0.6556016597510373,1604415413.672996,hidden,256.0,64.0,1.0,0.6717005968093872,0.8443794846534729
BRISK(thresh=10),LSTM,,0.9201244813278008,0.9006907879758589,0.9160287052488633,0.9201244813278008,0.7053941908713693,0.59657061215878,0.6857175077120075,0.7053941908713693,1604415428.5513816,hidden,256.0,64.0,1.0,0.8559296727180481,0.9709806442260742
BRISK(thresh=10),LSTM,,0.6794605809128631,0.587844272067186,0.6354946098347339,0.6794605809128631,0.5767634854771784,0.35268801084181145,0.4822291928118522,0.5767634854771784,1604415450.7978876,hidden,256.0,64.0,1.0,1.0026006698608398,1.0552098751068115
BRISK(thresh=20),LSTM,,0.9235880398671097,0.8780437293027141,0.9188220616107765,0.9235880398671097,0.7168141592920354,0.5994667903742807,0.6913967307981137,0.7168141592920354,1604415480.645097,cells,128.0,64.0,1.0,0.6090818047523499,0.8722955584526062
BRISK(thresh=20),LSTM,,0.9723145071982281,0.9575382052187118,0.9718155290304568,0.9723145071982281,0.6946902654867256,0.5942026879608614,0.6840741528045041,0.6946902654867256,1604415487.359564,cells,128.0,64.0,1.0,0.7061973810195923,0.9139116406440735
BRISK(thresh=20),LSTM,,0.9003322259136213,0.8645901750204548,0.8901382272706843,0.9003322259136213,0.7300884955752213,0.5996948779511805,0.691715978426769,0.7300884955752213,1604415497.3190663,cells,128.0,64.0,1.0,0.8591187596321106,0.9901785850524902
BRISK(thresh=20),LSTM,,0.9878183831672204,0.9827129452318543,0.987838846394237,0.9878183831672204,0.6902654867256637,0.6092858602109349,0.6945487729061031,0.6902654867256637,1604415510.6255434,cells,256.0,64.0,1.0,0.34375277161598206,0.8193999528884888
BRISK(thresh=20),LSTM,,0.9878183831672204,0.9824977878817993,0.9878718967318869,0.9878183831672204,0.668141592920354,0.642620016401324,0.6862939439828156,0.668141592920354,1604415524.1262283,cells,256.0,64.0,1.0,0.44312572479248047,0.8363119959831238
BRISK(thresh=20),LSTM,,0.9933554817275747,0.9890924712803395,0.9933244426042729,0.9933554817275747,0.6991150442477876,0.6099896480331263,0.688002711665659,0.6991150442477876,1604415544.2088165,cells,256.0,64.0,1.0,0.5416187644004822,0.838090717792511
BRISK(thresh=20),LSTM,,0.8305647840531561,0.7566877993355445,0.808354676682791,0.8305647840531561,0.6902654867256637,0.558102120816956,0.6390216446019198,0.6902654867256637,1604415570.9421737,cells,128.0,64.0,1.0,0.9012402892112732,1.032132625579834
BRISK(thresh=20),LSTM,,0.8338870431893688,0.7542237087962349,0.8097129988953214,0.8338870431893688,0.6946902654867256,0.531832182354859,0.6356724669795308,0.6946902654867256,1604415577.5837617,cells,128.0,64.0,1.0,1.0542596578598022,1.1224899291992188
BRISK(thresh=20),LSTM,,0.7441860465116278,0.6239802841191542,0.7272175598800921,0.7441860465116279,0.6415929203539823,0.466096819128221,0.5914637796338864,0.6415929203539823,1604415587.5198267,cells,128.0,64.0,1.0,1.1694014072418213,1.2015104293823242
BRISK(thresh=20),LSTM,,0.9390919158361017,0.9134614029052234,0.9383460554141545,0.9390919158361019,0.6814159292035398,0.5920361767872361,0.6805828567763871,0.6814159292035398,1604415600.723538,cells,256.0,64.0,1.0,0.6635123491287231,0.925330638885498
BRISK(thresh=20),LSTM,,0.9125138427464009,0.8857171872333163,0.9078666998571261,0.9125138427464009,0.7212389380530972,0.6091629736161369,0.6935673394538793,0.7212389380530974,1604415614.1671457,cells,256.0,64.0,1.0,0.8538687229156494,0.9880303144454956
BRISK(thresh=20),LSTM,,0.8471760797342193,0.7745398196199113,0.8233169738571261,0.8471760797342193,0.7079646017699115,0.5457125321487024,0.6491791002570515,0.7079646017699115,1604415634.3239033,cells,256.0,64.0,1.0,0.9736210703849792,1.039774775505066
BRISK(thresh=20),LSTM,,0.9512735326688815,0.9225717753496006,0.9499919167378053,0.9512735326688815,0.7035398230088495,0.6005739345156971,0.6915392727964379,0.7035398230088495,1604415661.0978475,hidden,128.0,64.0,1.0,0.5905398726463318,0.8530586957931519
BRISK(thresh=20),LSTM,,0.9789590254706534,0.968256252191334,0.9786730753535821,0.9789590254706534,0.7345132743362832,0.6540585955027594,0.7296322384299886,0.7345132743362832,1604415667.7374456,hidden,128.0,64.0,1.0,0.7173082828521729,0.9206386208534241
BRISK(thresh=20),LSTM,,0.9656699889258029,0.9495189540790632,0.9650641036274906,0.9656699889258029,0.7389380530973452,0.6585152695591233,0.7320184555783684,0.7389380530973452,1604415677.702093,hidden,128.0,64.0,1.0,0.8517272472381592,0.9894612431526184
BRISK(thresh=20),LSTM,,0.9357696566998892,0.9258917005187881,0.9368636457068081,0.9357696566998892,0.6415929203539823,0.5942580638322681,0.6481554158689814,0.6415929203539823,1604415690.9714146,hidden,256.0,64.0,1.0,0.3622104525566101,0.8532288074493408
BRISK(thresh=20),LSTM,,0.9889258028792912,0.9866271282181858,0.9889520530076618,0.9889258028792912,0.7212389380530972,0.6696702608662254,0.7237350079507022,0.7212389380530974,1604415704.428951,hidden,256.0,64.0,1.0,0.45280197262763977,0.8452964425086975
BRISK(thresh=20),LSTM,,0.991140642303433,0.9875053147689709,0.9910737816296424,0.991140642303433,0.7433628318584072,0.6541096289318686,0.7216054320956448,0.7433628318584071,1604415724.5486772,hidden,256.0,64.0,1.0,0.5462692379951477,0.8525034189224243
BRISK(thresh=20),LSTM,,0.8748615725359912,0.8090894855940282,0.8578717669634078,0.8748615725359912,0.7079646017699115,0.5678416460703888,0.6640406293351628,0.7079646017699115,1604415751.333934,hidden,128.0,64.0,1.0,0.8977826237678528,1.0238933563232422
BRISK(thresh=20),LSTM,,0.8361018826135106,0.718853427387866,0.7936346591819132,0.8361018826135105,0.7212389380530972,0.5636419028768366,0.6631981885868707,0.7212389380530974,1604415758.0113025,hidden,128.0,64.0,1.0,1.0559972524642944,1.1165391206741333
BRISK(thresh=20),LSTM,,0.7796234772978959,0.6723743424177441,0.7473425398328413,0.7796234772978959,0.6814159292035398,0.5283098442283168,0.6246214669596132,0.6814159292035398,1604415767.9759684,hidden,128.0,64.0,1.0,1.1598385572433472,1.19008469581604
BRISK(thresh=20),LSTM,,0.9302325581395349,0.9065991606536495,0.9299935012123965,0.9302325581395349,0.6592920353982301,0.5847210172868068,0.6519878164323901,0.6592920353982301,1604415781.2029238,hidden,256.0,64.0,1.0,0.6332589983940125,0.8827701210975647
BRISK(thresh=20),LSTM,,0.9313399778516057,0.9036412591589716,0.9259638670114806,0.9313399778516057,0.7389380530973452,0.6341195472873901,0.7122970151666537,0.7389380530973452,1604415794.6453748,hidden,256.0,64.0,1.0,0.845490038394928,0.9693869352340698
BRISK(thresh=20),LSTM,,0.8250276854928019,0.7503745856856912,0.7966884064834205,0.8250276854928018,0.7168141592920354,0.5803112432243399,0.6689698108205274,0.7168141592920354,1604415814.7549868,hidden,256.0,64.0,1.0,0.9800147414207458,1.054284930229187
BRISK(thresh=25),LSTM,,0.9168591224018475,0.8590831683201123,0.9101486223995559,0.9168591224018475,0.728110599078341,0.5923906349818652,0.7000065229344948,0.728110599078341,1604415841.7770092,cells,128.0,64.0,1.0,0.6054186820983887,0.8425508737564087
BRISK(thresh=25),LSTM,,0.9549653579676676,0.9317428554974779,0.9525853865858349,0.9549653579676675,0.7465437788018433,0.6219708271590105,0.7127792456501669,0.7465437788018433,1604415848.2402792,cells,128.0,64.0,1.0,0.7038759589195251,0.9097290635108948
BRISK(thresh=25),LSTM,,0.9341801385681293,0.8903394566545648,0.9279545095080669,0.9341801385681293,0.7511520737327188,0.6040284682866487,0.7125265425609641,0.7511520737327189,1604415857.8454285,cells,128.0,64.0,1.0,0.8413991332054138,0.9727775454521179
BRISK(thresh=25),LSTM,,0.9907621247113164,0.9863604210605968,0.9907430475256566,0.9907621247113164,0.7096774193548389,0.6098373973163113,0.7014061904476139,0.7096774193548387,1604415870.6912346,cells,256.0,64.0,1.0,0.3060135841369629,0.7708377242088318
BRISK(thresh=25),LSTM,,0.9965357967667436,0.9955976916296102,0.9965401964370963,0.9965357967667436,0.7004608294930875,0.6357183819111945,0.7003958524422774,0.7004608294930875,1604415882.916983,cells,256.0,64.0,1.0,0.4062452018260956,0.7892025113105774
BRISK(thresh=25),LSTM,,0.9757505773672055,0.9705187199047076,0.97537750521103,0.9757505773672055,0.6912442396313364,0.5455678118829359,0.6487329161142686,0.6912442396313364,1604415901.0853057,cells,256.0,64.0,1.0,0.5203139781951904,0.8089572787284851
BRISK(thresh=25),LSTM,,0.8822170900692841,0.7989075997639243,0.867804422488047,0.8822170900692841,0.728110599078341,0.5778256679929467,0.7008310246488212,0.728110599078341,1604415925.22359,cells,128.0,64.0,1.0,0.878520667552948,0.9889029264450073
BRISK(thresh=25),LSTM,,0.8418013856812933,0.6932189513629247,0.8008190135706044,0.8418013856812933,0.7142857142857143,0.5533687985090472,0.6809910579140118,0.7142857142857143,1604415931.6996763,cells,128.0,64.0,1.0,1.0453087091445923,1.1091939210891724
BRISK(thresh=25),LSTM,,0.779445727482679,0.5949380742499208,0.7184501158497505,0.7794457274826789,0.6497695852534562,0.43703482190324294,0.5768520764276281,0.6497695852534562,1604415941.3263476,cells,128.0,64.0,1.0,1.1481432914733887,1.1801388263702393
BRISK(thresh=25),LSTM,,0.9053117782909931,0.8506838702897667,0.8955933914099811,0.9053117782909931,0.71889400921659,0.576790383529514,0.6833489772099269,0.7188940092165899,1604415954.1139843,cells,256.0,64.0,1.0,0.6305941343307495,0.8851875066757202
BRISK(thresh=25),LSTM,,0.9526558891454965,0.9347956528023745,0.9512316470061789,0.9526558891454965,0.7096774193548389,0.5806306016341386,0.6837501296623792,0.7096774193548387,1604415966.293777,cells,256.0,64.0,1.0,0.8045476675033569,0.9624112844467163
BRISK(thresh=25),LSTM,,0.859122401847575,0.7672194847182913,0.8326666196619685,0.859122401847575,0.7235023041474654,0.5689048459988549,0.6781799216322894,0.7235023041474654,1604415984.5001988,cells,256.0,64.0,1.0,0.952471911907196,1.0369375944137573
BRISK(thresh=25),LSTM,,0.9445727482678984,0.9092624740324691,0.9414364407345617,0.9445727482678984,0.7096774193548389,0.5940499150479864,0.6973302277018686,0.7096774193548387,1604416008.6216063,hidden,128.0,64.0,1.0,0.564315676689148,0.8354875445365906
BRISK(thresh=25),LSTM,,0.9665127020785219,0.949425403983064,0.9654523997122464,0.9665127020785219,0.7695852534562211,0.6403215217057832,0.741367739673397,0.7695852534562212,1604416015.0273197,hidden,128.0,64.0,1.0,0.7149329781532288,0.9014922380447388
BRISK(thresh=25),LSTM,,0.9653579676674365,0.9444751550201721,0.9643301704790572,0.9653579676674365,0.7695852534562211,0.6494934333958724,0.7394819919131485,0.7695852534562212,1604416024.630207,hidden,128.0,64.0,1.0,0.8253605961799622,0.9678494334220886
BRISK(thresh=25),LSTM,,0.9953810623556582,0.9938568489625861,0.995373188840911,0.9953810623556582,0.7373271889400922,0.6689563112717066,0.7362782035611604,0.7373271889400922,1604416037.5050595,hidden,256.0,64.0,1.0,0.2987512946128845,0.7802314162254333
BRISK(thresh=25),LSTM,,0.9988452655889145,0.9982793117246899,0.9988445262631611,0.9988452655889145,0.7557603686635945,0.6530260835902639,0.7394564197321744,0.7557603686635944,1604416049.6910272,hidden,256.0,64.0,1.0,0.4165778160095215,0.7773895859718323
BRISK(thresh=25),LSTM,,0.9884526558891455,0.9860252712781438,0.9883930843014317,0.9884526558891455,0.728110599078341,0.6218531468531469,0.7068189874641486,0.728110599078341,1604416067.8829923,hidden,256.0,64.0,1.0,0.5428900718688965,0.8621028065681458
BRISK(thresh=25),LSTM,,0.8625866050808314,0.7370874289745558,0.8316826531236027,0.8625866050808314,0.7096774193548389,0.5622363795511265,0.6791363515619782,0.7096774193548387,1604416092.0770366,hidden,128.0,64.0,1.0,0.8937233686447144,1.0193541049957275
BRISK(thresh=25),LSTM,,0.8787528868360277,0.8158127187709544,0.8676559582742384,0.8787528868360277,0.728110599078341,0.5801984073475276,0.6902714568029741,0.728110599078341,1604416098.5905097,hidden,128.0,64.0,1.0,1.0592542886734009,1.1097615957260132
BRISK(thresh=25),LSTM,,0.6905311778290993,0.5024882764750416,0.6450545840540806,0.6905311778290993,0.631336405529954,0.412454861922947,0.5681053865679809,0.631336405529954,1604416108.174395,hidden,128.0,64.0,1.0,1.1477150917053223,1.1784993410110474
BRISK(thresh=25),LSTM,,0.9722863741339491,0.9576584492026081,0.9717485743100106,0.9722863741339491,0.7419354838709677,0.6102413472592709,0.7164547127217439,0.7419354838709677,1604416121.0468705,hidden,256.0,64.0,1.0,0.6044110655784607,0.8645007610321045
BRISK(thresh=25),LSTM,,0.8810623556581986,0.8334299366288127,0.869362931371092,0.8810623556581986,0.71889400921659,0.5617220990391721,0.6654053435979926,0.7188940092165899,1604416133.230443,hidden,256.0,64.0,1.0,0.8291444182395935,0.9737939238548279
BRISK(thresh=25),LSTM,,0.8221709006928406,0.6984072986310839,0.7796720315052831,0.8221709006928406,0.7142857142857143,0.5401069429053533,0.651035092783814,0.7142857142857143,1604416151.4280665,hidden,256.0,64.0,1.0,0.9504203796386719,1.0268512964248657
BRISK(thresh=30),LSTM,,0.9439707673568819,0.9025941644816774,0.940591600444418,0.9439707673568819,0.8058252427184465,0.6715626380888696,0.7922736284091376,0.8058252427184466,1604416175.7812757,cells,128.0,64.0,1.0,0.5812052488327026,0.7572839260101318
BRISK(thresh=30),LSTM,,0.9488428745432399,0.9114256557742004,0.9453580141809798,0.9488428745432399,0.8155339805825242,0.677404809271603,0.7928243498541665,0.8155339805825242,1604416181.9278598,cells,128.0,64.0,1.0,0.7121946215629578,0.8303030729293823
BRISK(thresh=30),LSTM,,0.9585870889159561,0.9332840035612853,0.9563246239515639,0.9585870889159561,0.8009708737864077,0.6541817269076305,0.7750503957577884,0.8009708737864077,1604416191.0609217,cells,128.0,64.0,1.0,0.826259434223175,0.9132964015007019
BRISK(thresh=30),LSTM,,0.9939098660170523,0.9895451522032817,0.9938718720949721,0.9939098660170523,0.7864077669902912,0.665516601897676,0.778645027987019,0.7864077669902912,1604416203.2369707,cells,256.0,64.0,1.0,0.2982480823993683,0.6218199729919434
BRISK(thresh=30),LSTM,,0.9939098660170523,0.9902948280888824,0.9939188994553935,0.9939098660170523,0.7961165048543688,0.681959219858156,0.7891921434965228,0.7961165048543689,1604416214.041913,cells,256.0,64.0,1.0,0.4292924106121063,0.6953760385513306
BRISK(thresh=30),LSTM,,0.9963459196102314,0.9946185637112385,0.996328597529682,0.9963459196102314,0.8009708737864077,0.6720553416060477,0.7768783866683838,0.8009708737864077,1604416230.1692128,cells,256.0,64.0,1.0,0.50810307264328,0.7261340022087097
BRISK(thresh=30),LSTM,,0.8757612667478685,0.772912984705666,0.8589645064872159,0.8757612667478685,0.7669902912621359,0.5824791475761951,0.7389432753755928,0.7669902912621359,1604416251.631809,cells,128.0,64.0,1.0,0.8799510598182678,0.9652606248855591
BRISK(thresh=30),LSTM,,0.8855054811205847,0.780776664389436,0.8673035360258956,0.8855054811205847,0.7912621359223301,0.6261090064090516,0.758985448251587,0.7912621359223301,1604416257.782404,cells,128.0,64.0,1.0,1.0443792343139648,1.083617925643921
BRISK(thresh=30),LSTM,,0.8087697929354446,0.6442620650982241,0.7652806698750942,0.8087697929354446,0.7766990291262136,0.588130109106028,0.7237397752772997,0.7766990291262136,1604416266.960706,cells,128.0,64.0,1.0,1.140728235244751,1.160046935081482
BRISK(thresh=30),LSTM,,0.9476248477466505,0.9072015115357883,0.9448723719458747,0.9476248477466505,0.7961165048543688,0.6613902523944365,0.7812666579169404,0.7961165048543689,1604416279.1675742,cells,256.0,64.0,1.0,0.6154735684394836,0.7762290239334106
BRISK(thresh=30),LSTM,,0.9390986601705238,0.8970570746509843,0.9338055509431101,0.9390986601705238,0.7912621359223301,0.6398557000788778,0.7641525985292668,0.7912621359223301,1604416289.9805045,cells,256.0,64.0,1.0,0.8020107746124268,0.8932508230209351
BRISK(thresh=30),LSTM,,0.904993909866017,0.8415472464811544,0.8913711238797938,0.904993909866017,0.7718446601941746,0.6116744366744367,0.7390359909777385,0.7718446601941747,1604416306.1632097,cells,256.0,64.0,1.0,0.93842613697052,0.9896968603134155
BRISK(thresh=30),LSTM,,0.953714981729598,0.9212478344460368,0.95236357464287,0.953714981729598,0.762135922330097,0.6406450572488307,0.7564975270196006,0.7621359223300971,1604416327.6849158,hidden,128.0,64.0,1.0,0.5771137475967407,0.7553542852401733
BRISK(thresh=30),LSTM,,0.9817295980511572,0.9685073447991905,0.9813062913995317,0.9817295980511571,0.7961165048543688,0.6633775175621477,0.7823241163952817,0.7961165048543689,1604416333.8549337,hidden,128.0,64.0,1.0,0.6795353889465332,0.8228276968002319
BRISK(thresh=30),LSTM,,0.9695493300852619,0.9474626401511763,0.9682126760333393,0.9695493300852619,0.8058252427184465,0.6588468677038283,0.7831102904483873,0.8058252427184466,1604416343.0429862,hidden,128.0,64.0,1.0,0.8249213695526123,0.9078432321548462
BRISK(thresh=30),LSTM,,0.9987819732034104,0.9974710890837463,0.9987824685250205,0.9987819732034104,0.7815533980582524,0.6761372173390429,0.7818430519177876,0.7815533980582524,1604416355.2092838,hidden,256.0,64.0,1.0,0.2781405448913574,0.6055441498756409
BRISK(thresh=30),LSTM,,0.9987819732034104,0.9974710890837463,0.9987824685250205,0.9987819732034104,0.8106796116504854,0.6913308042201138,0.8008775743683014,0.8106796116504854,1604416366.015279,hidden,256.0,64.0,1.0,0.39226213097572327,0.6802533268928528
BRISK(thresh=30),LSTM,,1.0,1.0,1.0,1.0,0.7718446601941746,0.6560066953610713,0.7667477751223625,0.7718446601941747,1604416382.1751566,hidden,256.0,64.0,1.0,0.49651840329170227,0.7244259119033813
BRISK(thresh=30),LSTM,,0.8891595615103532,0.8065226984537609,0.8809648104748686,0.8891595615103532,0.762135922330097,0.6030793759744938,0.7452577160525538,0.7621359223300971,1604416403.6069381,hidden,128.0,64.0,1.0,0.8921809792518616,0.9677810668945312
BRISK(thresh=30),LSTM,,0.8611449451887941,0.7268007313703069,0.8331775398830071,0.8611449451887941,0.7864077669902912,0.5901025445691709,0.7432279318241293,0.7864077669902912,1604416409.7631128,hidden,128.0,64.0,1.0,1.0392999649047852,1.0772091150283813
BRISK(thresh=30),LSTM,,0.8172959805115713,0.6350925231876253,0.7642956051821088,0.8172959805115713,0.7669902912621359,0.5579274891774891,0.70826871348716,0.7669902912621359,1604416418.9189148,hidden,128.0,64.0,1.0,1.1497482061386108,1.1673340797424316
BRISK(thresh=30),LSTM,,0.9342265529841657,0.8875957897791954,0.9298799376465591,0.9342265529841657,0.7669902912621359,0.6369953980723537,0.7527011026355475,0.7669902912621359,1604416431.085806,hidden,256.0,64.0,1.0,0.6159643530845642,0.7787226438522339
BRISK(thresh=30),LSTM,,0.9403166869671132,0.8988686223124176,0.934308172499545,0.9403166869671132,0.8009708737864077,0.6524262932072682,0.7761267606969092,0.8009708737864077,1604416441.907066,hidden,256.0,64.0,1.0,0.8120744824409485,0.9018543362617493
BRISK(thresh=30),LSTM,,0.8867235079171741,0.8274604871309517,0.8735254767182313,0.8867235079171741,0.762135922330097,0.5942420387076875,0.7216937401885152,0.7621359223300971,1604416458.0398664,hidden,256.0,64.0,1.0,0.9295313954353333,0.983366072177887
BRISK(thresh=40),LSTM,,0.9501347708894878,0.9069094820590775,0.9477889691338386,0.9501347708894878,0.7526881720430108,0.6169416985696056,0.7445699139772659,0.7526881720430108,1604416479.7342522,cells,128.0,64.0,1.0,0.5574325919151306,0.8190484642982483
BRISK(thresh=40),LSTM,,0.9622641509433962,0.9338323076659488,0.9599176553696824,0.9622641509433962,0.7903225806451614,0.6346589918018489,0.7605149586716407,0.7903225806451613,1604416485.1836283,cells,128.0,64.0,1.0,0.6757498979568481,0.8626338243484497
BRISK(thresh=40),LSTM,,0.9299191374663073,0.8496648852992859,0.9197609579263929,0.9299191374663073,0.7849462365591398,0.5875456942530113,0.7508956814621646,0.7849462365591398,1604416493.227736,cells,128.0,64.0,1.0,0.8041330575942993,0.932090163230896
BRISK(thresh=40),LSTM,,0.9986522911051213,0.9982503246993586,0.9986491258724864,0.9986522911051213,0.7473118279569892,0.6365001858432752,0.7483809872922775,0.7473118279569892,1604416503.9436703,cells,256.0,64.0,1.0,0.27396461367607117,0.7172735333442688
BRISK(thresh=40),LSTM,,0.9986522911051213,0.997587441353701,0.9986509126200488,0.9986522911051213,0.7956989247311826,0.7065871046154162,0.799391514545303,0.7956989247311828,1604416512.6780515,cells,256.0,64.0,1.0,0.3946383595466614,0.7194232940673828
BRISK(thresh=40),LSTM,,0.9959568733153639,0.9952398899039934,0.9959453990035325,0.9959568733153639,0.7795698924731183,0.6541083330907821,0.7618757004645406,0.7795698924731183,1604416525.709857,cells,256.0,64.0,1.0,0.47182565927505493,0.7478260397911072
BRISK(thresh=40),LSTM,,0.9299191374663073,0.8700409551871174,0.9253412348083853,0.9299191374663073,0.7795698924731183,0.6372568785578748,0.7679443863913931,0.7795698924731183,1604416542.999998,cells,128.0,64.0,1.0,0.8604552745819092,0.98537278175354
BRISK(thresh=40),LSTM,,0.8773584905660378,0.7063315844421835,0.8411048138984841,0.8773584905660378,0.7849462365591398,0.5965151515151516,0.7473802541544478,0.7849462365591398,1604416548.3700683,cells,128.0,64.0,1.0,1.0296483039855957,1.092638611793518
BRISK(thresh=40),LSTM,,0.788409703504043,0.640248797904029,0.7809233340772954,0.7884097035040432,0.6989247311827957,0.49640369445650606,0.6668492534282072,0.6989247311827957,1604416556.3828492,cells,128.0,64.0,1.0,1.1321624517440796,1.1648142337799072
BRISK(thresh=40),LSTM,,0.9622641509433962,0.9297715792049202,0.960713320550503,0.9622641509433962,0.7580645161290323,0.6404704393834828,0.7519912385503784,0.7580645161290323,1604416567.0687454,cells,256.0,64.0,1.0,0.5913015007972717,0.8452828526496887
BRISK(thresh=40),LSTM,,0.9474393530997305,0.9007147088825743,0.9431357542524847,0.9474393530997305,0.7849462365591398,0.6264083141746241,0.7621968269678363,0.7849462365591398,1604416575.776301,cells,256.0,64.0,1.0,0.7878240942955017,0.9151287078857422
BRISK(thresh=40),LSTM,,0.9150943396226415,0.8172467500241304,0.8982081719942677,0.9150943396226415,0.7956989247311826,0.6241740253432823,0.7612242535334702,0.7956989247311828,1604416588.7848654,cells,256.0,64.0,1.0,0.9130770564079285,0.990955650806427
BRISK(thresh=40),LSTM,,0.9622641509433962,0.9271791979309558,0.9600874304451131,0.9622641509433962,0.7741935483870968,0.6306010876023664,0.7640613919076917,0.7741935483870968,1604416606.055741,hidden,128.0,64.0,1.0,0.5423751473426819,0.7933362126350403
BRISK(thresh=40),LSTM,,0.9757412398921833,0.9553004817797792,0.9748776552873035,0.9757412398921833,0.8118279569892473,0.6648106626806178,0.7882419595930372,0.8118279569892473,1604416611.4318597,hidden,128.0,64.0,1.0,0.6679416298866272,0.8570384979248047
BRISK(thresh=40),LSTM,,0.9663072776280324,0.9399062888811679,0.9644242208975767,0.9663072776280324,0.7795698924731183,0.6207181588082876,0.7537434806644276,0.7795698924731183,1604416619.4611592,hidden,128.0,64.0,1.0,0.8074357509613037,0.9295554161071777
BRISK(thresh=40),LSTM,,1.0,1.0,1.0,1.0,0.7526881720430108,0.6586949294408461,0.7611366688906183,0.7526881720430108,1604416630.1065264,hidden,256.0,64.0,1.0,0.2857661545276642,0.7168964743614197
BRISK(thresh=40),LSTM,,1.0,1.0,1.0,1.0,0.7741935483870968,0.6523757243188497,0.7694505620751764,0.7741935483870968,1604416638.7821195,hidden,256.0,64.0,1.0,0.37158823013305664,0.7015500068664551
BRISK(thresh=40),LSTM,,1.0,1.0,1.0,1.0,0.8279569892473119,0.7239737986304691,0.8197864457289634,0.8279569892473119,1604416651.7820601,hidden,256.0,64.0,1.0,0.46632590889930725,0.7483455538749695
BRISK(thresh=40),LSTM,,0.9016172506738545,0.7935804302288688,0.8859508645480472,0.9016172506738545,0.7795698924731183,0.6192258434905494,0.7589541628915444,0.7795698924731183,1604416669.0871015,hidden,128.0,64.0,1.0,0.8728178143501282,0.9808109402656555
BRISK(thresh=40),LSTM,,0.8787061994609164,0.7046889385880848,0.8422530433865059,0.8787061994609164,0.8064516129032258,0.6268021625951141,0.768561341710411,0.8064516129032258,1604416674.4781332,hidden,128.0,64.0,1.0,1.032499074935913,1.0884251594543457
BRISK(thresh=40),LSTM,,0.839622641509434,0.7130429398446134,0.8244293149851255,0.839622641509434,0.7365591397849461,0.5647035893270215,0.7003346390145664,0.7365591397849462,1604416682.5742733,hidden,128.0,64.0,1.0,1.1393674612045288,1.1669203042984009
BRISK(thresh=40),LSTM,,0.9838274932614556,0.9715121682447009,0.9835609849899078,0.9838274932614556,0.7903225806451614,0.6662122543652395,0.7799099352120537,0.7903225806451613,1604416693.2779293,hidden,256.0,64.0,1.0,0.5830942392349243,0.8060482144355774
BRISK(thresh=40),LSTM,,0.9622641509433962,0.9315514392406881,0.9604121994666686,0.9622641509433962,0.7903225806451614,0.6308883802328595,0.7684376491776561,0.7903225806451613,1604416701.9989676,hidden,256.0,64.0,1.0,0.7826306223869324,0.9131215214729309
BRISK(thresh=40),LSTM,,0.8854447439353099,0.781384822185208,0.8631409374292511,0.8854447439353099,0.7526881720430108,0.5459485811789334,0.7079472080491983,0.7526881720430108,1604416715.043856,hidden,256.0,64.0,1.0,0.9177443385124207,0.9908449053764343
BRIEF(),LSTM,,0.8924242424242425,0.7582349127457133,0.8738276760593959,0.8924242424242425,0.7891566265060241,0.6178439712702902,0.7675201742054965,0.7891566265060241,1604416732.4774537,cells,128.0,32.0,1.0,0.6376214623451233,0.817502498626709
BRIEF(),LSTM,,0.8939393939393939,0.6913742286963606,0.8533003743569367,0.8939393939393939,0.7951807228915663,0.5897291285917352,0.7586147972945697,0.7951807228915663,1604416737.133819,cells,128.0,32.0,1.0,0.7290290594100952,0.867202639579773
BRIEF(),LSTM,,0.8954545454545455,0.6870237613009509,0.8522801876630685,0.8954545454545455,0.819277108433735,0.612658538929174,0.7779737449722486,0.8192771084337349,1604416744.9144535,cells,128.0,32.0,1.0,0.8464573621749878,0.9573662281036377
BRIEF(),LSTM,,0.9515151515151515,0.899862171636169,0.9477504336795248,0.9515151515151515,0.7710843373493976,0.6033163265306122,0.7532067043684945,0.7710843373493976,1604416755.2761192,cells,256.0,32.0,1.0,0.40206027030944824,0.7121249437332153
BRIEF(),LSTM,,0.9424242424242424,0.8687532818539161,0.9331164171880769,0.9424242424242424,0.8313253012048193,0.647789681714167,0.7975917399575418,0.8313253012048193,1604416761.627386,cells,256.0,32.0,1.0,0.484164297580719,0.7421081066131592
BRIEF(),LSTM,,0.9242424242424242,0.8158892770591383,0.9062905071232897,0.9242424242424242,0.8253012048192772,0.6177935929638765,0.779299861072222,0.8253012048192772,1604416771.0374157,cells,256.0,32.0,1.0,0.5668946504592896,0.7655410766601562
BRIEF(),LSTM,,0.8621212121212121,0.6522061272061273,0.821673124854943,0.8621212121212121,0.7891566265060241,0.5813492063492063,0.7514725568942437,0.7891566265060241,1604416783.5528133,cells,128.0,32.0,1.0,0.9405140280723572,1.0226185321807861
BRIEF(),LSTM,,0.8621212121212121,0.6442593395549415,0.819345674389261,0.8621212121212121,0.8072289156626506,0.5970985168260853,0.7662781008244728,0.8072289156626506,1604416788.0328898,cells,128.0,32.0,1.0,1.069213628768921,1.1171408891677856
BRIEF(),LSTM,,0.743939393939394,0.519545006644177,0.7077556588859698,0.7439393939393939,0.7228915662650603,0.4981771225349992,0.6816412874136921,0.7228915662650602,1604416795.4917085,cells,128.0,32.0,1.0,1.1440296173095703,1.175711989402771
BRIEF(),LSTM,,0.8727272727272727,0.6997721084469894,0.8450475923578467,0.8727272727272727,0.7590361445783133,0.5736975986975986,0.7363211086102651,0.7590361445783133,1604416805.460325,cells,256.0,32.0,1.0,0.6894229054450989,0.847545862197876
BRIEF(),LSTM,,0.8924242424242425,0.6864902352824036,0.8482950873352403,0.8924242424242425,0.8373493975903613,0.6334172237253965,0.7932419635569175,0.8373493975903614,1604416811.7798843,cells,256.0,32.0,1.0,0.8288064002990723,0.9269741773605347
BRIEF(),LSTM,,0.8666666666666667,0.6637453952363545,0.8221694689364328,0.8666666666666667,0.783132530120482,0.5650000000000001,0.7322891566265061,0.7831325301204819,1604416821.1789618,cells,256.0,32.0,1.0,0.9444643259048462,1.0102148056030273
BRIEF(),LSTM,,0.9,0.761201658378857,0.876688205363995,0.9,0.7891566265060241,0.6125051767598538,0.7624899691376517,0.7891566265060241,1604416833.648203,hidden,128.0,32.0,1.0,0.6464030146598816,0.8352062702178955
BRIEF(),LSTM,,0.8984848484848484,0.7079427554646348,0.8616811598978878,0.8984848484848484,0.819277108433735,0.5985094842392402,0.779560705947654,0.8192771084337349,1604416838.1136994,hidden,128.0,32.0,1.0,0.7490974068641663,0.8774456977844238
BRIEF(),LSTM,,0.8924242424242425,0.6862083192507132,0.8486366113797533,0.8924242424242425,0.8313253012048193,0.6163291052918713,0.7870739093854963,0.8313253012048193,1604416845.5472994,hidden,128.0,32.0,1.0,0.8559386134147644,0.9554864168167114
BRIEF(),LSTM,,0.9575757575757575,0.9073007196352465,0.9536167799501203,0.9575757575757575,0.7710843373493976,0.5888324079631853,0.7495266178760661,0.7710843373493976,1604416855.5543568,hidden,256.0,32.0,1.0,0.39383837580680847,0.7321563363075256
BRIEF(),LSTM,,0.9500000000000001,0.8908090315699437,0.9436632422614682,0.95,0.7951807228915663,0.6222459951722625,0.7689516459518125,0.7951807228915663,1604416861.8829675,hidden,256.0,32.0,1.0,0.5109856128692627,0.7465685606002808
BRIEF(),LSTM,,0.9363636363636364,0.8533029329876576,0.9255385132765157,0.9363636363636364,0.8313253012048193,0.6282343278121705,0.7910242722646287,0.8313253012048193,1604416871.2989023,hidden,256.0,32.0,1.0,0.5725515484809875,0.7694894671440125
BRIEF(),LSTM,,0.8590909090909091,0.6492485250464437,0.8183748298092276,0.8590909090909091,0.7891566265060241,0.5801767676767676,0.7469879518072289,0.7891566265060241,1604416883.7487748,hidden,128.0,32.0,1.0,0.9363000988960266,1.0178680419921875
BRIEF(),LSTM,,0.8666666666666667,0.6606285074247709,0.8232993429363028,0.8666666666666667,0.819277108433735,0.6127112135176651,0.772176262654304,0.8192771084337349,1604416888.2290368,hidden,128.0,32.0,1.0,1.0711044073104858,1.1146670579910278
BRIEF(),LSTM,,0.8424242424242424,0.628610418526385,0.7972942090589149,0.8424242424242424,0.7771084337349399,0.5444364459070341,0.7258845336095513,0.7771084337349398,1604416895.8230278,hidden,128.0,32.0,1.0,1.1499404907226562,1.1738016605377197
BRIEF(),LSTM,,0.8893939393939394,0.714358284914769,0.8582815919264417,0.8893939393939394,0.8012048192771084,0.5957340882467785,0.7663295117212309,0.8012048192771084,1604416906.7023613,hidden,256.0,32.0,1.0,0.6876029968261719,0.8310548067092896
BRIEF(),LSTM,,0.8848484848484849,0.6743289992436945,0.8411044795254442,0.8848484848484849,0.8313253012048193,0.6256783842121493,0.7896384799141061,0.8313253012048193,1604416913.0898197,hidden,256.0,32.0,1.0,0.8434818983078003,0.9355251789093018
BRIEF(),LSTM,,0.8787878787878788,0.6741195741195741,0.8346759983123619,0.8787878787878788,0.8253012048192772,0.6195736434108526,0.779023069020267,0.8253012048192772,1604416922.4904275,hidden,256.0,32.0,1.0,0.9598036408424377,1.0160253047943115
